<?xml version="1.0" encoding="UTF-8"?>
<metadata xml:lang="en"><Esri><CreaDate>20200429</CreaDate><CreaTime>15375500</CreaTime><ArcGISFormat>1.0</ArcGISFormat><SyncOnce>FALSE</SyncOnce><DataProperties><itemProps><itemName Sync="TRUE">TIGER2018Shapefilebyblkgrp_NYC_countiesonly_wextraGEOIDColumn</itemName><imsContentType Sync="TRUE">002</imsContentType><itemLocation><linkage Sync="TRUE">file://\\CH-19-CRY0RN2-L\C$\Users\CHerbert\Downloads\GeoComp2\ElectricalOutageProject\RawData_PowerOutageProjectbyblkgrp\TIGER2018Shapefilebyblkgrp_NYC_countiesonly_wextraGEOIDColumnCopy</linkage><protocol Sync="TRUE">Local Area Network</protocol></itemLocation><itemSize Sync="TRUE">0.000</itemSize></itemProps><coordRef><type Sync="TRUE">Geographic</type><geogcsn Sync="TRUE">GCS_North_American_1983</geogcsn><csUnits Sync="TRUE">Angular Unit: Degree (0.017453)</csUnits><peXml Sync="TRUE">&lt;GeographicCoordinateSystem xsi:type='typens:GeographicCoordinateSystem' xmlns:xsi='http://www.w3.org/2001/XMLSchema-instance' xmlns:xs='http://www.w3.org/2001/XMLSchema' xmlns:typens='http://www.esri.com/schemas/ArcGIS/10.6'&gt;&lt;WKT&gt;GEOGCS[&amp;quot;GCS_North_American_1983&amp;quot;,DATUM[&amp;quot;D_North_American_1983&amp;quot;,SPHEROID[&amp;quot;GRS_1980&amp;quot;,6378137.0,298.257222101]],PRIMEM[&amp;quot;Greenwich&amp;quot;,0.0],UNIT[&amp;quot;Degree&amp;quot;,0.0174532925199433],AUTHORITY[&amp;quot;EPSG&amp;quot;,4269]]&lt;/WKT&gt;&lt;XOrigin&gt;-400&lt;/XOrigin&gt;&lt;YOrigin&gt;-400&lt;/YOrigin&gt;&lt;XYScale&gt;11258999068426.238&lt;/XYScale&gt;&lt;ZOrigin&gt;-100000&lt;/ZOrigin&gt;&lt;ZScale&gt;10000&lt;/ZScale&gt;&lt;MOrigin&gt;-100000&lt;/MOrigin&gt;&lt;MScale&gt;10000&lt;/MScale&gt;&lt;XYTolerance&gt;8.9831528411952133e-09&lt;/XYTolerance&gt;&lt;ZTolerance&gt;0.001&lt;/ZTolerance&gt;&lt;MTolerance&gt;0.001&lt;/MTolerance&gt;&lt;HighPrecision&gt;true&lt;/HighPrecision&gt;&lt;LeftLongitude&gt;-180&lt;/LeftLongitude&gt;&lt;WKID&gt;4269&lt;/WKID&gt;&lt;LatestWKID&gt;4269&lt;/LatestWKID&gt;&lt;/GeographicCoordinateSystem&gt;</peXml></coordRef><lineage><Process ToolSource="c:\program files (x86)\arcgis\desktop10.6\ArcToolbox\Toolboxes\Conversion Tools.tbx\FeatureClassToFeatureClass" Date="20200124" Time="155102">FeatureClassToFeatureClass Q:\ACS2018\tl_2018_36_bg.shp Q:\ACS2018\2018USCensus_TIGERShapefiles.gdb TIGER2018Shapefilebyblkgrp_OriginalFileName_tl_2018_36_bg # "STATEFP "STATEFP" true true false 2 Text 0 0 ,First,#,Q:\ACS2018\tl_2018_36_bg.shp,STATEFP,-1,-1;COUNTYFP "COUNTYFP" true true false 3 Text 0 0 ,First,#,Q:\ACS2018\tl_2018_36_bg.shp,COUNTYFP,-1,-1;TRACTCE "TRACTCE" true true false 6 Text 0 0 ,First,#,Q:\ACS2018\tl_2018_36_bg.shp,TRACTCE,-1,-1;BLKGRPCE "BLKGRPCE" true true false 1 Text 0 0 ,First,#,Q:\ACS2018\tl_2018_36_bg.shp,BLKGRPCE,-1,-1;GEOID "GEOID" true true false 12 Text 0 0 ,First,#,Q:\ACS2018\tl_2018_36_bg.shp,GEOID,-1,-1;NAMELSAD "NAMELSAD" true true false 13 Text 0 0 ,First,#,Q:\ACS2018\tl_2018_36_bg.shp,NAMELSAD,-1,-1;MTFCC "MTFCC" true true false 5 Text 0 0 ,First,#,Q:\ACS2018\tl_2018_36_bg.shp,MTFCC,-1,-1;FUNCSTAT "FUNCSTAT" true true false 1 Text 0 0 ,First,#,Q:\ACS2018\tl_2018_36_bg.shp,FUNCSTAT,-1,-1;ALAND "ALAND" true true false 14 Double 0 14 ,First,#,Q:\ACS2018\tl_2018_36_bg.shp,ALAND,-1,-1;AWATER "AWATER" true true false 14 Double 0 14 ,First,#,Q:\ACS2018\tl_2018_36_bg.shp,AWATER,-1,-1;INTPTLAT "INTPTLAT" true true false 11 Text 0 0 ,First,#,Q:\ACS2018\tl_2018_36_bg.shp,INTPTLAT,-1,-1;INTPTLON "INTPTLON" true true false 12 Text 0 0 ,First,#,Q:\ACS2018\tl_2018_36_bg.shp,INTPTLON,-1,-1" #</Process><Process ToolSource="c:\program files (x86)\arcgis\desktop10.6\ArcToolbox\Toolboxes\Conversion Tools.tbx\FeatureClassToFeatureClass" Date="20200420" Time="193420">FeatureClassToFeatureClass Q:\ACS2018\2018USCensus_TIGERShapefiles.gdb\TIGER2018Shapefilebyblkgrp_OriginalFileName_tl_2018_36_bg Q:\ACS2018\2018USCensus_TIGERShapefiles.gdb TIGER2018Shapefilebyblkgrp_AllNYScounties_wextraGEOIDColumn # "STATEFP "STATEFP" true true false 2 Text 0 0 ,First,#,Q:\ACS2018\2018USCensus_TIGERShapefiles.gdb\TIGER2018Shapefilebyblkgrp_OriginalFileName_tl_2018_36_bg,STATEFP,-1,-1;COUNTYFP "COUNTYFP" true true false 3 Text 0 0 ,First,#,Q:\ACS2018\2018USCensus_TIGERShapefiles.gdb\TIGER2018Shapefilebyblkgrp_OriginalFileName_tl_2018_36_bg,COUNTYFP,-1,-1;TRACTCE "TRACTCE" true true false 6 Text 0 0 ,First,#,Q:\ACS2018\2018USCensus_TIGERShapefiles.gdb\TIGER2018Shapefilebyblkgrp_OriginalFileName_tl_2018_36_bg,TRACTCE,-1,-1;BLKGRPCE "BLKGRPCE" true true false 1 Text 0 0 ,First,#,Q:\ACS2018\2018USCensus_TIGERShapefiles.gdb\TIGER2018Shapefilebyblkgrp_OriginalFileName_tl_2018_36_bg,BLKGRPCE,-1,-1;GEOID "GEOID" true true false 12 Text 0 0 ,First,#,Q:\ACS2018\2018USCensus_TIGERShapefiles.gdb\TIGER2018Shapefilebyblkgrp_OriginalFileName_tl_2018_36_bg,GEOID,-1,-1;NAMELSAD "NAMELSAD" true true false 13 Text 0 0 ,First,#,Q:\ACS2018\2018USCensus_TIGERShapefiles.gdb\TIGER2018Shapefilebyblkgrp_OriginalFileName_tl_2018_36_bg,NAMELSAD,-1,-1;MTFCC "MTFCC" true true false 5 Text 0 0 ,First,#,Q:\ACS2018\2018USCensus_TIGERShapefiles.gdb\TIGER2018Shapefilebyblkgrp_OriginalFileName_tl_2018_36_bg,MTFCC,-1,-1;FUNCSTAT "FUNCSTAT" true true false 1 Text 0 0 ,First,#,Q:\ACS2018\2018USCensus_TIGERShapefiles.gdb\TIGER2018Shapefilebyblkgrp_OriginalFileName_tl_2018_36_bg,FUNCSTAT,-1,-1;ALAND "ALAND" true true false 8 Double 0 0 ,First,#,Q:\ACS2018\2018USCensus_TIGERShapefiles.gdb\TIGER2018Shapefilebyblkgrp_OriginalFileName_tl_2018_36_bg,ALAND,-1,-1;AWATER "AWATER" true true false 8 Double 0 0 ,First,#,Q:\ACS2018\2018USCensus_TIGERShapefiles.gdb\TIGER2018Shapefilebyblkgrp_OriginalFileName_tl_2018_36_bg,AWATER,-1,-1;INTPTLAT "INTPTLAT" true true false 11 Text 0 0 ,First,#,Q:\ACS2018\2018USCensus_TIGERShapefiles.gdb\TIGER2018Shapefilebyblkgrp_OriginalFileName_tl_2018_36_bg,INTPTLAT,-1,-1;INTPTLON "INTPTLON" true true false 12 Text 0 0 ,First,#,Q:\ACS2018\2018USCensus_TIGERShapefiles.gdb\TIGER2018Shapefilebyblkgrp_OriginalFileName_tl_2018_36_bg,INTPTLON,-1,-1;Shape_Length "Shape_Length" false true true 8 Double 0 0 ,First,#,Q:\ACS2018\2018USCensus_TIGERShapefiles.gdb\TIGER2018Shapefilebyblkgrp_OriginalFileName_tl_2018_36_bg,Shape_Length,-1,-1;Shape_Area "Shape_Area" false true true 8 Double 0 0 ,First,#,Q:\ACS2018\2018USCensus_TIGERShapefiles.gdb\TIGER2018Shapefilebyblkgrp_OriginalFileName_tl_2018_36_bg,Shape_Area,-1,-1" #</Process><Process ToolSource="c:\program files (x86)\arcgis\desktop10.6\ArcToolbox\Toolboxes\Conversion Tools.tbx\FeatureClassToFeatureClass" Date="20200421" Time="100246">FeatureClassToFeatureClass Q:\ACS2018\2018USCensus_TIGERShapefiles.gdb\TIGER2018Shapefilebyblkgrp_AllNYScounties_wextraGEOIDColumn Q:\ACS2018\2018USCensus_TIGERShapefiles.gdb TIGER2018Shapefilebyblkgrp_NYC_countiesonly_wextraGEOIDColumn # "STATEFP "STATEFP" true true false 2 Text 0 0 ,First,#,Q:\ACS2018\2018USCensus_TIGERShapefiles.gdb\TIGER2018Shapefilebyblkgrp_AllNYScounties_wextraGEOIDColumn,STATEFP,-1,-1;COUNTYFP "COUNTYFP" true true false 3 Text 0 0 ,First,#,Q:\ACS2018\2018USCensus_TIGERShapefiles.gdb\TIGER2018Shapefilebyblkgrp_AllNYScounties_wextraGEOIDColumn,COUNTYFP,-1,-1;TRACTCE "TRACTCE" true true false 6 Text 0 0 ,First,#,Q:\ACS2018\2018USCensus_TIGERShapefiles.gdb\TIGER2018Shapefilebyblkgrp_AllNYScounties_wextraGEOIDColumn,TRACTCE,-1,-1;BLKGRPCE "BLKGRPCE" true true false 1 Text 0 0 ,First,#,Q:\ACS2018\2018USCensus_TIGERShapefiles.gdb\TIGER2018Shapefilebyblkgrp_AllNYScounties_wextraGEOIDColumn,BLKGRPCE,-1,-1;GEOID "GEOID" true true false 12 Text 0 0 ,First,#,Q:\ACS2018\2018USCensus_TIGERShapefiles.gdb\TIGER2018Shapefilebyblkgrp_AllNYScounties_wextraGEOIDColumn,GEOID,-1,-1;NAMELSAD "NAMELSAD" true true false 13 Text 0 0 ,First,#,Q:\ACS2018\2018USCensus_TIGERShapefiles.gdb\TIGER2018Shapefilebyblkgrp_AllNYScounties_wextraGEOIDColumn,NAMELSAD,-1,-1;MTFCC "MTFCC" true true false 5 Text 0 0 ,First,#,Q:\ACS2018\2018USCensus_TIGERShapefiles.gdb\TIGER2018Shapefilebyblkgrp_AllNYScounties_wextraGEOIDColumn,MTFCC,-1,-1;FUNCSTAT "FUNCSTAT" true true false 1 Text 0 0 ,First,#,Q:\ACS2018\2018USCensus_TIGERShapefiles.gdb\TIGER2018Shapefilebyblkgrp_AllNYScounties_wextraGEOIDColumn,FUNCSTAT,-1,-1;ALAND "ALAND" true true false 8 Double 0 0 ,First,#,Q:\ACS2018\2018USCensus_TIGERShapefiles.gdb\TIGER2018Shapefilebyblkgrp_AllNYScounties_wextraGEOIDColumn,ALAND,-1,-1;AWATER "AWATER" true true false 8 Double 0 0 ,First,#,Q:\ACS2018\2018USCensus_TIGERShapefiles.gdb\TIGER2018Shapefilebyblkgrp_AllNYScounties_wextraGEOIDColumn,AWATER,-1,-1;INTPTLAT "INTPTLAT" true true false 11 Text 0 0 ,First,#,Q:\ACS2018\2018USCensus_TIGERShapefiles.gdb\TIGER2018Shapefilebyblkgrp_AllNYScounties_wextraGEOIDColumn,INTPTLAT,-1,-1;INTPTLON "INTPTLON" true true false 12 Text 0 0 ,First,#,Q:\ACS2018\2018USCensus_TIGERShapefiles.gdb\TIGER2018Shapefilebyblkgrp_AllNYScounties_wextraGEOIDColumn,INTPTLON,-1,-1;Shape_Length "Shape_Length" false true true 8 Double 0 0 ,First,#,Q:\ACS2018\2018USCensus_TIGERShapefiles.gdb\TIGER2018Shapefilebyblkgrp_AllNYScounties_wextraGEOIDColumn,Shape_Length,-1,-1;Shape_Area "Shape_Area" false true true 8 Double 0 0 ,First,#,Q:\ACS2018\2018USCensus_TIGERShapefiles.gdb\TIGER2018Shapefilebyblkgrp_AllNYScounties_wextraGEOIDColumn,Shape_Area,-1,-1" #</Process><Process ToolSource="c:\program files (x86)\arcgis\desktop10.6\ArcToolbox\Toolboxes\Data Management Tools.tbx\CalculateField" Date="20200421" Time="103746">CalculateField TIGER2018Shapefilebyblkgrp_NYC_countiesonly_wextraGEOIDColumn GEO_ID_TEXT "1500000US"&amp;[GEOID] VB #</Process><Process ToolSource="c:\program files (x86)\arcgis\desktop10.6\ArcToolbox\Toolboxes\Conversion Tools.tbx\FeatureClassToFeatureClass" Date="20200422" Time="131339">FeatureClassToFeatureClass Q:\ACS2018\2018USCensus_TIGERShapefiles.gdb\TIGER2018Shapefilebyblkgrp_NYC_countiesonly_wextraGEOIDColumn C:\Users\CHerbert\Downloads\GeoComp2\ElectricalOutageProject\RawData_PowerOutageProjectbyblkgrp TIGER2018Shapefilebyblkgrp_NYC_countiesonly_wextraGEOIDColumn.shp # "STATEFP "STATEFP" true true false 2 Text 0 0 ,First,#,Q:\ACS2018\2018USCensus_TIGERShapefiles.gdb\TIGER2018Shapefilebyblkgrp_NYC_countiesonly_wextraGEOIDColumn,STATEFP,-1,-1;COUNTYFP "COUNTYFP" true true false 3 Text 0 0 ,First,#,Q:\ACS2018\2018USCensus_TIGERShapefiles.gdb\TIGER2018Shapefilebyblkgrp_NYC_countiesonly_wextraGEOIDColumn,COUNTYFP,-1,-1;TRACTCE "TRACTCE" true true false 6 Text 0 0 ,First,#,Q:\ACS2018\2018USCensus_TIGERShapefiles.gdb\TIGER2018Shapefilebyblkgrp_NYC_countiesonly_wextraGEOIDColumn,TRACTCE,-1,-1;BLKGRPCE "BLKGRPCE" true true false 1 Text 0 0 ,First,#,Q:\ACS2018\2018USCensus_TIGERShapefiles.gdb\TIGER2018Shapefilebyblkgrp_NYC_countiesonly_wextraGEOIDColumn,BLKGRPCE,-1,-1;GEOID "GEOID" true true false 12 Text 0 0 ,First,#,Q:\ACS2018\2018USCensus_TIGERShapefiles.gdb\TIGER2018Shapefilebyblkgrp_NYC_countiesonly_wextraGEOIDColumn,GEOID,-1,-1;NAMELSAD "NAMELSAD" true true false 13 Text 0 0 ,First,#,Q:\ACS2018\2018USCensus_TIGERShapefiles.gdb\TIGER2018Shapefilebyblkgrp_NYC_countiesonly_wextraGEOIDColumn,NAMELSAD,-1,-1;MTFCC "MTFCC" true true false 5 Text 0 0 ,First,#,Q:\ACS2018\2018USCensus_TIGERShapefiles.gdb\TIGER2018Shapefilebyblkgrp_NYC_countiesonly_wextraGEOIDColumn,MTFCC,-1,-1;FUNCSTAT "FUNCSTAT" true true false 1 Text 0 0 ,First,#,Q:\ACS2018\2018USCensus_TIGERShapefiles.gdb\TIGER2018Shapefilebyblkgrp_NYC_countiesonly_wextraGEOIDColumn,FUNCSTAT,-1,-1;ALAND "ALAND" true true false 8 Double 0 0 ,First,#,Q:\ACS2018\2018USCensus_TIGERShapefiles.gdb\TIGER2018Shapefilebyblkgrp_NYC_countiesonly_wextraGEOIDColumn,ALAND,-1,-1;AWATER "AWATER" true true false 8 Double 0 0 ,First,#,Q:\ACS2018\2018USCensus_TIGERShapefiles.gdb\TIGER2018Shapefilebyblkgrp_NYC_countiesonly_wextraGEOIDColumn,AWATER,-1,-1;INTPTLAT "INTPTLAT" true true false 11 Text 0 0 ,First,#,Q:\ACS2018\2018USCensus_TIGERShapefiles.gdb\TIGER2018Shapefilebyblkgrp_NYC_countiesonly_wextraGEOIDColumn,INTPTLAT,-1,-1;INTPTLON "INTPTLON" true true false 12 Text 0 0 ,First,#,Q:\ACS2018\2018USCensus_TIGERShapefiles.gdb\TIGER2018Shapefilebyblkgrp_NYC_countiesonly_wextraGEOIDColumn,INTPTLON,-1,-1;Shape_Leng "Shape_Leng" false true true 8 Double 0 0 ,First,#,Q:\ACS2018\2018USCensus_TIGERShapefiles.gdb\TIGER2018Shapefilebyblkgrp_NYC_countiesonly_wextraGEOIDColumn,Shape_Length,-1,-1;Shape_Area "Shape_Area" false true true 8 Double 0 0 ,First,#,Q:\ACS2018\2018USCensus_TIGERShapefiles.gdb\TIGER2018Shapefilebyblkgrp_NYC_countiesonly_wextraGEOIDColumn,Shape_Area,-1,-1;GEO_ID_TEX "GEO_ID_TEX" true true false 25 Text 0 0 ,First,#,Q:\ACS2018\2018USCensus_TIGERShapefiles.gdb\TIGER2018Shapefilebyblkgrp_NYC_countiesonly_wextraGEOIDColumn,GEO_ID_TEXT,-1,-1" #</Process><Process ToolSource="c:\program files (x86)\arcgis\desktop10.6\ArcToolbox\Toolboxes\Data Management Tools.tbx\CalculateField" Date="20200425" Time="121300">CalculateField TIGER2018Shapefilebyblkgrp_NYC_countiesonly_wextraGEOIDColumnCopy GEO_ID_DBL [GEOID] VB #</Process></lineage><copyHistory><copy source="C:\Users\CHerbert\Downloads\GeoComp2\ElectricalOutageProject\RawData_PowerOutageProjectbyblkgrp\TIGER2018Shapefilebyblkgrp_NYC_countiesonly_wextraGEOIDColumn" dest="\\CH-19-CRY0RN2-L\C$\Users\CHerbert\Downloads\GeoComp2\ElectricalOutageProject\RawData_PowerOutageProjectbyblkgrp\TIGER2018Shapefilebyblkgrp_NYC_countiesonly_wextraGEOIDColumnCopy" date="20200425" time="12120300"></copy></copyHistory></DataProperties><SyncDate>20200422</SyncDate><SyncTime>13133300</SyncTime><ModDate>20200422</ModDate><ModTime>13133300</ModTime></Esri><dataIdInfo><envirDesc Sync="TRUE"> Version 6.2 (Build 9200) ; Esri ArcGIS 10.6.0.8321</envirDesc><dataLang><languageCode value="eng" Sync="TRUE"></languageCode><countryCode value="USA" Sync="TRUE"></countryCode></dataLang><idCitation><resTitle Sync="TRUE">TIGER2018Shapefilebyblkgrp_NYC_countiesonly_wextraGEOIDColumn</resTitle><presForm><PresFormCd value="005" Sync="TRUE"></PresFormCd></presForm></idCitation><spatRpType><SpatRepTypCd value="001" Sync="TRUE"></SpatRepTypCd></spatRpType></dataIdInfo><mdLang><languageCode value="eng" Sync="TRUE"></languageCode><countryCode value="USA" Sync="TRUE"></countryCode></mdLang><distInfo><distFormat><formatName Sync="TRUE">Shapefile</formatName></distFormat><distTranOps><transSize Sync="TRUE">0.000</transSize></distTranOps></distInfo><mdHrLv><ScopeCd value="005" Sync="TRUE"></ScopeCd></mdHrLv><mdHrLvName Sync="TRUE">dataset</mdHrLvName><refSysInfo><RefSystem><refSysID><identCode code="4269" Sync="TRUE"></identCode><idCodeSpace Sync="TRUE">EPSG</idCodeSpace><idVersion Sync="TRUE">6.12(3.0.1)</idVersion></refSysID></RefSystem></refSysInfo><spatRepInfo><VectSpatRep><geometObjs Name="TIGER2018Shapefilebyblkgrp_NYC_countiesonly_wextraGEOIDColumn"><geoObjTyp><GeoObjTypCd value="002" Sync="TRUE"></GeoObjTypCd></geoObjTyp><geoObjCnt Sync="TRUE">0</geoObjCnt></geometObjs><topLvl><TopoLevCd value="001" Sync="TRUE"></TopoLevCd></topLvl></VectSpatRep></spatRepInfo><spdoinfo><ptvctinf><esriterm Name="TIGER2018Shapefilebyblkgrp_NYC_countiesonly_wextraGEOIDColumn"><efeatyp Sync="TRUE">Simple</efeatyp><efeageom code="4" Sync="TRUE"></efeageom><esritopo Sync="TRUE">FALSE</esritopo><efeacnt Sync="TRUE">0</efeacnt><spindex Sync="TRUE">FALSE</spindex><linrefer Sync="TRUE">FALSE</linrefer></esriterm></ptvctinf></spdoinfo><eainfo><detailed Name="TIGER2018Shapefilebyblkgrp_NYC_countiesonly_wextraGEOIDColumn"><enttyp><enttypl Sync="TRUE">TIGER2018Shapefilebyblkgrp_NYC_countiesonly_wextraGEOIDColumn</enttypl><enttypt Sync="TRUE">Feature Class</enttypt><enttypc Sync="TRUE">0</enttypc></enttyp><attr><attrlabl Sync="TRUE">FID</attrlabl><attalias Sync="TRUE">FID</attalias><attrtype Sync="TRUE">OID</attrtype><attwidth Sync="TRUE">4</attwidth><atprecis Sync="TRUE">0</atprecis><attscale Sync="TRUE">0</attscale><attrdef Sync="TRUE">Internal feature number.</attrdef><attrdefs Sync="TRUE">Esri</attrdefs><attrdomv><udom Sync="TRUE">Sequential unique whole numbers that are automatically generated.</udom></attrdomv></attr><attr><attrlabl Sync="TRUE">Shape</attrlabl><attalias Sync="TRUE">Shape</attalias><attrtype Sync="TRUE">Geometry</attrtype><attwidth Sync="TRUE">0</attwidth><atprecis Sync="TRUE">0</atprecis><attscale Sync="TRUE">0</attscale><attrdef Sync="TRUE">Feature geometry.</attrdef><attrdefs Sync="TRUE">Esri</attrdefs><attrdomv><udom Sync="TRUE">Coordinates defining the features.</udom></attrdomv></attr><attr><attrlabl Sync="TRUE">STATEFP</attrlabl><attalias Sync="TRUE">STATEFP</attalias><attrtype Sync="TRUE">String</attrtype><attwidth Sync="TRUE">2</attwidth><atprecis Sync="TRUE">0</atprecis><attscale Sync="TRUE">0</attscale></attr><attr><attrlabl Sync="TRUE">COUNTYFP</attrlabl><attalias Sync="TRUE">COUNTYFP</attalias><attrtype Sync="TRUE">String</attrtype><attwidth Sync="TRUE">3</attwidth><atprecis Sync="TRUE">0</atprecis><attscale Sync="TRUE">0</attscale></attr><attr><attrlabl Sync="TRUE">TRACTCE</attrlabl><attalias Sync="TRUE">TRACTCE</attalias><attrtype Sync="TRUE">String</attrtype><attwidth Sync="TRUE">6</attwidth><atprecis Sync="TRUE">0</atprecis><attscale Sync="TRUE">0</attscale></attr><attr><attrlabl Sync="TRUE">BLKGRPCE</attrlabl><attalias Sync="TRUE">BLKGRPCE</attalias><attrtype Sync="TRUE">String</attrtype><attwidth Sync="TRUE">1</attwidth><atprecis Sync="TRUE">0</atprecis><attscale Sync="TRUE">0</attscale></attr><attr><attrlabl Sync="TRUE">GEOID</attrlabl><attalias Sync="TRUE">GEOID</attalias><attrtype Sync="TRUE">String</attrtype><attwidth Sync="TRUE">12</attwidth><atprecis Sync="TRUE">0</atprecis><attscale Sync="TRUE">0</attscale></attr><attr><attrlabl Sync="TRUE">NAMELSAD</attrlabl><attalias Sync="TRUE">NAMELSAD</attalias><attrtype Sync="TRUE">String</attrtype><attwidth Sync="TRUE">13</attwidth><atprecis Sync="TRUE">0</atprecis><attscale Sync="TRUE">0</attscale></attr><attr><attrlabl Sync="TRUE">MTFCC</attrlabl><attalias Sync="TRUE">MTFCC</attalias><attrtype Sync="TRUE">String</attrtype><attwidth Sync="TRUE">5</attwidth><atprecis Sync="TRUE">0</atprecis><attscale Sync="TRUE">0</attscale></attr><attr><attrlabl Sync="TRUE">FUNCSTAT</attrlabl><attalias Sync="TRUE">FUNCSTAT</attalias><attrtype Sync="TRUE">String</attrtype><attwidth Sync="TRUE">1</attwidth><atprecis Sync="TRUE">0</atprecis><attscale Sync="TRUE">0</attscale></attr><attr><attrlabl Sync="TRUE">ALAND</attrlabl><attalias Sync="TRUE">ALAND</attalias><attrtype Sync="TRUE">Double</attrtype><attwidth Sync="TRUE">19</attwidth><atprecis Sync="TRUE">0</atprecis><attscale Sync="TRUE">0</attscale></attr><attr><attrlabl Sync="TRUE">AWATER</attrlabl><attalias Sync="TRUE">AWATER</attalias><attrtype Sync="TRUE">Double</attrtype><attwidth Sync="TRUE">19</attwidth><atprecis Sync="TRUE">0</atprecis><attscale Sync="TRUE">0</attscale></attr><attr><attrlabl Sync="TRUE">INTPTLAT</attrlabl><attalias Sync="TRUE">INTPTLAT</attalias><attrtype Sync="TRUE">String</attrtype><attwidth Sync="TRUE">11</attwidth><atprecis Sync="TRUE">0</atprecis><attscale Sync="TRUE">0</attscale></attr><attr><attrlabl Sync="TRUE">INTPTLON</attrlabl><attalias Sync="TRUE">INTPTLON</attalias><attrtype Sync="TRUE">String</attrtype><attwidth Sync="TRUE">12</attwidth><atprecis Sync="TRUE">0</atprecis><attscale Sync="TRUE">0</attscale></attr><attr><attrlabl Sync="TRUE">Shape_Leng</attrlabl><attalias Sync="TRUE">Shape_Leng</attalias><attrtype Sync="TRUE">Double</attrtype><attwidth Sync="TRUE">19</attwidth><atprecis Sync="TRUE">0</atprecis><attscale Sync="TRUE">0</attscale></attr><attr><attrlabl Sync="TRUE">Shape_Area</attrlabl><attalias Sync="TRUE">Shape_Area</attalias><attrtype Sync="TRUE">Double</attrtype><attwidth Sync="TRUE">19</attwidth><atprecis Sync="TRUE">0</atprecis><attscale Sync="TRUE">0</attscale><attrdef Sync="TRUE">Area of feature in internal units squared.</attrdef><attrdefs Sync="TRUE">Esri</attrdefs><attrdomv><udom Sync="TRUE">Positive real numbers that are automatically generated.</udom></attrdomv></attr><attr><attrlabl Sync="TRUE">GEO_ID_TEX</attrlabl><attalias Sync="TRUE">GEO_ID_TEX</attalias><attrtype Sync="TRUE">String</attrtype><attwidth Sync="TRUE">25</attwidth><atprecis Sync="TRUE">0</atprecis><attscale Sync="TRUE">0</attscale></attr></detailed></eainfo><mdDateSt Sync="TRUE">20200422</mdDateSt></metadata>
