<metadata xml:lang="en"><Esri><CreaDate>20200411</CreaDate><CreaTime>18454200</CreaTime><ArcGISFormat>1.0</ArcGISFormat><SyncOnce>FALSE</SyncOnce><DataProperties><lineage><Process ToolSource="c:\program files (x86)\arcgis\desktop10.6\ArcToolbox\Toolboxes\Data Management Tools.tbx\FeatureToPoint" Date="20200411" Time="184542">FeatureToPoint "311. Power Outage Data 3.11.14 to 4.9.2020 NYC_formatted_Layer" "C:\Users\CHerbert\Downloads\GeoComp2\ElectricalOutageProject\ElectricalOutage2020.gdb\PowerOutage311_AllNYC _April2014toMarch2020_projected2263" CENTROID</Process><Process ToolSource="c:\program files (x86)\arcgis\desktop10.6\ArcToolbox\Toolboxes\Conversion Tools.tbx\FeatureClassToFeatureClass" Date="20200422" Time="125415">FeatureClassToFeatureClass C:\Users\CHerbert\Downloads\GeoComp2\ElectricalOutageProject\ElectricalOutage2020.gdb\PowerOutage311_AllNYC C:\Users\CHerbert\Downloads\GeoComp2\ElectricalOutageProject\RawData_PowerOutageProjectbyblkgrp PowerOutages311_AllNYC_2014to2020.shp # "Unique_Key "Unique Key" true true false 4 Long 0 0 ,First,#,C:\Users\CHerbert\Downloads\GeoComp2\ElectricalOutageProject\ElectricalOutage2020.gdb\PowerOutage311_AllNYC,Unique_Key,-1,-1;Created_Da "Created Date" true true false 8 Date 0 0 ,First,#,C:\Users\CHerbert\Downloads\GeoComp2\ElectricalOutageProject\ElectricalOutage2020.gdb\PowerOutage311_AllNYC,Created_Date,-1,-1;Created_Mo "Created_Month_Year" true true false 8000 Text 0 0 ,First,#,C:\Users\CHerbert\Downloads\GeoComp2\ElectricalOutageProject\ElectricalOutage2020.gdb\PowerOutage311_AllNYC,Created_Month_Year,-1,-1;Closed_Dat "Closed Date" true true false 8 Date 0 0 ,First,#,C:\Users\CHerbert\Downloads\GeoComp2\ElectricalOutageProject\ElectricalOutage2020.gdb\PowerOutage311_AllNYC,Closed_Date,-1,-1;Agency "Agency" true true false 8000 Text 0 0 ,First,#,C:\Users\CHerbert\Downloads\GeoComp2\ElectricalOutageProject\ElectricalOutage2020.gdb\PowerOutage311_AllNYC,Agency,-1,-1;Agency_Nam "Agency Name" true true false 8000 Text 0 0 ,First,#,C:\Users\CHerbert\Downloads\GeoComp2\ElectricalOutageProject\ElectricalOutage2020.gdb\PowerOutage311_AllNYC,Agency_Name,-1,-1;Complaint_ "Complaint Type" true true false 8000 Text 0 0 ,First,#,C:\Users\CHerbert\Downloads\GeoComp2\ElectricalOutageProject\ElectricalOutage2020.gdb\PowerOutage311_AllNYC,Complaint_Type,-1,-1;Descriptor "Descriptor" true true false 8000 Text 0 0 ,First,#,C:\Users\CHerbert\Downloads\GeoComp2\ElectricalOutageProject\ElectricalOutage2020.gdb\PowerOutage311_AllNYC,Descriptor,-1,-1;Location_T "Location Type" true true false 8000 Text 0 0 ,First,#,C:\Users\CHerbert\Downloads\GeoComp2\ElectricalOutageProject\ElectricalOutage2020.gdb\PowerOutage311_AllNYC,Location_Type,-1,-1;Incident_Z "Incident Zip" true true false 4 Long 0 0 ,First,#,C:\Users\CHerbert\Downloads\GeoComp2\ElectricalOutageProject\ElectricalOutage2020.gdb\PowerOutage311_AllNYC,Incident_Zip,-1,-1;Incident_A "Incident Address" true true false 8000 Text 0 0 ,First,#,C:\Users\CHerbert\Downloads\GeoComp2\ElectricalOutageProject\ElectricalOutage2020.gdb\PowerOutage311_AllNYC,Incident_Address,-1,-1;Street_Nam "Street Name" true true false 8000 Text 0 0 ,First,#,C:\Users\CHerbert\Downloads\GeoComp2\ElectricalOutageProject\ElectricalOutage2020.gdb\PowerOutage311_AllNYC,Street_Name,-1,-1;Cross_Stre "Cross Street 1" true true false 8000 Text 0 0 ,First,#,C:\Users\CHerbert\Downloads\GeoComp2\ElectricalOutageProject\ElectricalOutage2020.gdb\PowerOutage311_AllNYC,Cross_Street_1,-1,-1;Cross_St_1 "Cross Street 2" true true false 8000 Text 0 0 ,First,#,C:\Users\CHerbert\Downloads\GeoComp2\ElectricalOutageProject\ElectricalOutage2020.gdb\PowerOutage311_AllNYC,Cross_Street_2,-1,-1;Address_Ty "Address Type" true true false 8000 Text 0 0 ,First,#,C:\Users\CHerbert\Downloads\GeoComp2\ElectricalOutageProject\ElectricalOutage2020.gdb\PowerOutage311_AllNYC,Address_Type,-1,-1;City "City" true true false 8000 Text 0 0 ,First,#,C:\Users\CHerbert\Downloads\GeoComp2\ElectricalOutageProject\ElectricalOutage2020.gdb\PowerOutage311_AllNYC,City,-1,-1;Status "Status" true true false 8000 Text 0 0 ,First,#,C:\Users\CHerbert\Downloads\GeoComp2\ElectricalOutageProject\ElectricalOutage2020.gdb\PowerOutage311_AllNYC,Status,-1,-1;Resolution "Resolution Description" true true false 8000 Text 0 0 ,First,#,C:\Users\CHerbert\Downloads\GeoComp2\ElectricalOutageProject\ElectricalOutage2020.gdb\PowerOutage311_AllNYC,Resolution_Description,-1,-1;Resoluti_1 "Resolution Action Updated Date" true true false 8 Date 0 0 ,First,#,C:\Users\CHerbert\Downloads\GeoComp2\ElectricalOutageProject\ElectricalOutage2020.gdb\PowerOutage311_AllNYC,Resolution_Action_Updated_Date,-1,-1;Community_ "Community Board" true true false 8000 Text 0 0 ,First,#,C:\Users\CHerbert\Downloads\GeoComp2\ElectricalOutageProject\ElectricalOutage2020.gdb\PowerOutage311_AllNYC,Community_Board,-1,-1;BBL "BBL" true true false 8 Double 0 0 ,First,#,C:\Users\CHerbert\Downloads\GeoComp2\ElectricalOutageProject\ElectricalOutage2020.gdb\PowerOutage311_AllNYC,BBL,-1,-1;Borough "Borough" true true false 8000 Text 0 0 ,First,#,C:\Users\CHerbert\Downloads\GeoComp2\ElectricalOutageProject\ElectricalOutage2020.gdb\PowerOutage311_AllNYC,Borough,-1,-1;Open_Data_ "Open Data Channel Type" true true false 8000 Text 0 0 ,First,#,C:\Users\CHerbert\Downloads\GeoComp2\ElectricalOutageProject\ElectricalOutage2020.gdb\PowerOutage311_AllNYC,Open_Data_Channel_Type,-1,-1;X_Coordina "X Coordinate State Plane" true true false 4 Long 0 0 ,First,#,C:\Users\CHerbert\Downloads\GeoComp2\ElectricalOutageProject\ElectricalOutage2020.gdb\PowerOutage311_AllNYC,X_Coordinate_State_Plane,-1,-1;Y_Coordina "Y Coordinate State Plane" true true false 4 Long 0 0 ,First,#,C:\Users\CHerbert\Downloads\GeoComp2\ElectricalOutageProject\ElectricalOutage2020.gdb\PowerOutage311_AllNYC,Y_Coordinate_State_Plane,-1,-1;ORIG_FID "ORIG_FID" true true false 4 Long 0 0 ,First,#,C:\Users\CHerbert\Downloads\GeoComp2\ElectricalOutageProject\ElectricalOutage2020.gdb\PowerOutage311_AllNYC,ORIG_FID,-1,-1" #</Process></lineage><itemProps><itemName Sync="TRUE">PowerOutages311_AllNYC_2014to2020</itemName><imsContentType Sync="TRUE">002</imsContentType><itemSize Sync="TRUE">0.000</itemSize><itemLocation><linkage Sync="TRUE">file://\\CH-19-CRY0RN2-L\C$\Users\CHerbert\Downloads\GeoComp2\ElectricalOutageProject\RawData_PowerOutageProjectbyblkgrp\PowerOutages311_AllNYC_2014to2020.shp</linkage><protocol Sync="TRUE">Local Area Network</protocol></itemLocation></itemProps><coordRef><type Sync="TRUE">Projected</type><geogcsn Sync="TRUE">GCS_North_American_1983</geogcsn><csUnits Sync="TRUE">Linear Unit: Foot_US (0.304801)</csUnits><projcsn Sync="TRUE">NAD_1983_StatePlane_New_York_Long_Island_FIPS_3104_Feet</projcsn><peXml Sync="TRUE">&lt;ProjectedCoordinateSystem xsi:type='typens:ProjectedCoordinateSystem' xmlns:xsi='http://www.w3.org/2001/XMLSchema-instance' xmlns:xs='http://www.w3.org/2001/XMLSchema' xmlns:typens='http://www.esri.com/schemas/ArcGIS/10.6'&gt;&lt;WKT&gt;PROJCS[&amp;quot;NAD_1983_StatePlane_New_York_Long_Island_FIPS_3104_Feet&amp;quot;,GEOGCS[&amp;quot;GCS_North_American_1983&amp;quot;,DATUM[&amp;quot;D_North_American_1983&amp;quot;,SPHEROID[&amp;quot;GRS_1980&amp;quot;,6378137.0,298.257222101]],PRIMEM[&amp;quot;Greenwich&amp;quot;,0.0],UNIT[&amp;quot;Degree&amp;quot;,0.0174532925199433]],PROJECTION[&amp;quot;Lambert_Conformal_Conic&amp;quot;],PARAMETER[&amp;quot;False_Easting&amp;quot;,984250.0],PARAMETER[&amp;quot;False_Northing&amp;quot;,0.0],PARAMETER[&amp;quot;Central_Meridian&amp;quot;,-74.0],PARAMETER[&amp;quot;Standard_Parallel_1&amp;quot;,40.66666666666666],PARAMETER[&amp;quot;Standard_Parallel_2&amp;quot;,41.03333333333333],PARAMETER[&amp;quot;Latitude_Of_Origin&amp;quot;,40.16666666666666],UNIT[&amp;quot;Foot_US&amp;quot;,0.3048006096012192],AUTHORITY[&amp;quot;EPSG&amp;quot;,2263]]&lt;/WKT&gt;&lt;XOrigin&gt;-120039300&lt;/XOrigin&gt;&lt;YOrigin&gt;-96540300&lt;/YOrigin&gt;&lt;XYScale&gt;37212589.015695661&lt;/XYScale&gt;&lt;ZOrigin&gt;-100000&lt;/ZOrigin&gt;&lt;ZScale&gt;10000&lt;/ZScale&gt;&lt;MOrigin&gt;-100000&lt;/MOrigin&gt;&lt;MScale&gt;10000&lt;/MScale&gt;&lt;XYTolerance&gt;0.0032808333333333331&lt;/XYTolerance&gt;&lt;ZTolerance&gt;0.001&lt;/ZTolerance&gt;&lt;MTolerance&gt;0.001&lt;/MTolerance&gt;&lt;HighPrecision&gt;true&lt;/HighPrecision&gt;&lt;WKID&gt;102718&lt;/WKID&gt;&lt;LatestWKID&gt;2263&lt;/LatestWKID&gt;&lt;/ProjectedCoordinateSystem&gt;</peXml></coordRef></DataProperties><SyncDate>20200422</SyncDate><SyncTime>12541000</SyncTime><ModDate>20200422</ModDate><ModTime>12541000</ModTime></Esri><dataIdInfo><envirDesc Sync="TRUE"> Version 6.2 (Build 9200) ; Esri ArcGIS 10.6.0.8321</envirDesc><dataLang><languageCode value="eng" Sync="TRUE"></languageCode><countryCode value="USA" Sync="TRUE"></countryCode></dataLang><idCitation><resTitle Sync="TRUE">PowerOutages311_AllNYC_2014to2020</resTitle><presForm><PresFormCd value="005" Sync="TRUE"></PresFormCd></presForm></idCitation><spatRpType><SpatRepTypCd value="001" Sync="TRUE"></SpatRepTypCd></spatRpType></dataIdInfo><mdLang><languageCode value="eng" Sync="TRUE"></languageCode><countryCode value="USA" Sync="TRUE"></countryCode></mdLang><distInfo><distFormat><formatName Sync="TRUE">Shapefile</formatName></distFormat><distTranOps><transSize Sync="TRUE">0.000</transSize></distTranOps></distInfo><mdHrLv><ScopeCd value="005" Sync="TRUE"></ScopeCd></mdHrLv><mdHrLvName Sync="TRUE">dataset</mdHrLvName><refSysInfo><RefSystem><refSysID><identCode code="2263" Sync="TRUE"></identCode><idCodeSpace Sync="TRUE">EPSG</idCodeSpace><idVersion Sync="TRUE">5.3(9.0.0)</idVersion></refSysID></RefSystem></refSysInfo><spatRepInfo><VectSpatRep><geometObjs Name="PowerOutages311_AllNYC_2014to2020"><geoObjTyp><GeoObjTypCd value="004" Sync="TRUE"></GeoObjTypCd></geoObjTyp><geoObjCnt Sync="TRUE">0</geoObjCnt></geometObjs><topLvl><TopoLevCd value="001" Sync="TRUE"></TopoLevCd></topLvl></VectSpatRep></spatRepInfo><spdoinfo><ptvctinf><esriterm Name="PowerOutages311_AllNYC_2014to2020"><efeatyp Sync="TRUE">Simple</efeatyp><efeageom code="1" Sync="TRUE"></efeageom><esritopo Sync="TRUE">FALSE</esritopo><efeacnt Sync="TRUE">0</efeacnt><spindex Sync="TRUE">FALSE</spindex><linrefer Sync="TRUE">FALSE</linrefer></esriterm></ptvctinf></spdoinfo><eainfo><detailed Name="PowerOutages311_AllNYC_2014to2020"><enttyp><enttypl Sync="TRUE">PowerOutages311_AllNYC_2014to2020</enttypl><enttypt Sync="TRUE">Feature Class</enttypt><enttypc Sync="TRUE">0</enttypc></enttyp><attr><attrlabl Sync="TRUE">FID</attrlabl><attalias Sync="TRUE">FID</attalias><attrtype Sync="TRUE">OID</attrtype><attwidth Sync="TRUE">4</attwidth><atprecis Sync="TRUE">0</atprecis><attscale Sync="TRUE">0</attscale><attrdef Sync="TRUE">Internal feature number.</attrdef><attrdefs Sync="TRUE">Esri</attrdefs><attrdomv><udom Sync="TRUE">Sequential unique whole numbers that are automatically generated.</udom></attrdomv></attr><attr><attrlabl Sync="TRUE">Shape</attrlabl><attalias Sync="TRUE">Shape</attalias><attrtype Sync="TRUE">Geometry</attrtype><attwidth Sync="TRUE">0</attwidth><atprecis Sync="TRUE">0</atprecis><attscale Sync="TRUE">0</attscale><attrdef Sync="TRUE">Feature geometry.</attrdef><attrdefs Sync="TRUE">Esri</attrdefs><attrdomv><udom Sync="TRUE">Coordinates defining the features.</udom></attrdomv></attr><attr><attrlabl Sync="TRUE">Unique_Key</attrlabl><attalias Sync="TRUE">Unique_Key</attalias><attrtype Sync="TRUE">Integer</attrtype><attwidth Sync="TRUE">10</attwidth><atprecis Sync="TRUE">10</atprecis><attscale Sync="TRUE">0</attscale></attr><attr><attrlabl Sync="TRUE">Created_Da</attrlabl><attalias Sync="TRUE">Created_Da</attalias><attrtype Sync="TRUE">Date</attrtype><attwidth Sync="TRUE">8</attwidth><atprecis Sync="TRUE">0</atprecis><attscale Sync="TRUE">0</attscale></attr><attr><attrlabl Sync="TRUE">Created_Mo</attrlabl><attalias Sync="TRUE">Created_Mo</attalias><attrtype Sync="TRUE">String</attrtype><attwidth Sync="TRUE">254</attwidth><atprecis Sync="TRUE">0</atprecis><attscale Sync="TRUE">0</attscale></attr><attr><attrlabl Sync="TRUE">Closed_Dat</attrlabl><attalias Sync="TRUE">Closed_Dat</attalias><attrtype Sync="TRUE">Date</attrtype><attwidth Sync="TRUE">8</attwidth><atprecis Sync="TRUE">0</atprecis><attscale Sync="TRUE">0</attscale></attr><attr><attrlabl Sync="TRUE">Agency</attrlabl><attalias Sync="TRUE">Agency</attalias><attrtype Sync="TRUE">String</attrtype><attwidth Sync="TRUE">254</attwidth><atprecis Sync="TRUE">0</atprecis><attscale Sync="TRUE">0</attscale></attr><attr><attrlabl Sync="TRUE">Agency_Nam</attrlabl><attalias Sync="TRUE">Agency_Nam</attalias><attrtype Sync="TRUE">String</attrtype><attwidth Sync="TRUE">254</attwidth><atprecis Sync="TRUE">0</atprecis><attscale Sync="TRUE">0</attscale></attr><attr><attrlabl Sync="TRUE">Complaint_</attrlabl><attalias Sync="TRUE">Complaint_</attalias><attrtype Sync="TRUE">String</attrtype><attwidth Sync="TRUE">254</attwidth><atprecis Sync="TRUE">0</atprecis><attscale Sync="TRUE">0</attscale></attr><attr><attrlabl Sync="TRUE">Descriptor</attrlabl><attalias Sync="TRUE">Descriptor</attalias><attrtype Sync="TRUE">String</attrtype><attwidth Sync="TRUE">254</attwidth><atprecis Sync="TRUE">0</atprecis><attscale Sync="TRUE">0</attscale></attr><attr><attrlabl Sync="TRUE">Location_T</attrlabl><attalias Sync="TRUE">Location_T</attalias><attrtype Sync="TRUE">String</attrtype><attwidth Sync="TRUE">254</attwidth><atprecis Sync="TRUE">0</atprecis><attscale Sync="TRUE">0</attscale></attr><attr><attrlabl Sync="TRUE">Incident_Z</attrlabl><attalias Sync="TRUE">Incident_Z</attalias><attrtype Sync="TRUE">Integer</attrtype><attwidth Sync="TRUE">10</attwidth><atprecis Sync="TRUE">10</atprecis><attscale Sync="TRUE">0</attscale></attr><attr><attrlabl Sync="TRUE">Incident_A</attrlabl><attalias Sync="TRUE">Incident_A</attalias><attrtype Sync="TRUE">String</attrtype><attwidth Sync="TRUE">254</attwidth><atprecis Sync="TRUE">0</atprecis><attscale Sync="TRUE">0</attscale></attr><attr><attrlabl Sync="TRUE">Street_Nam</attrlabl><attalias Sync="TRUE">Street_Nam</attalias><attrtype Sync="TRUE">String</attrtype><attwidth Sync="TRUE">254</attwidth><atprecis Sync="TRUE">0</atprecis><attscale Sync="TRUE">0</attscale></attr><attr><attrlabl Sync="TRUE">Cross_Stre</attrlabl><attalias Sync="TRUE">Cross_Stre</attalias><attrtype Sync="TRUE">String</attrtype><attwidth Sync="TRUE">254</attwidth><atprecis Sync="TRUE">0</atprecis><attscale Sync="TRUE">0</attscale></attr><attr><attrlabl Sync="TRUE">Cross_St_1</attrlabl><attalias Sync="TRUE">Cross_St_1</attalias><attrtype Sync="TRUE">String</attrtype><attwidth Sync="TRUE">254</attwidth><atprecis Sync="TRUE">0</atprecis><attscale Sync="TRUE">0</attscale></attr><attr><attrlabl Sync="TRUE">Address_Ty</attrlabl><attalias Sync="TRUE">Address_Ty</attalias><attrtype Sync="TRUE">String</attrtype><attwidth Sync="TRUE">254</attwidth><atprecis Sync="TRUE">0</atprecis><attscale Sync="TRUE">0</attscale></attr><attr><attrlabl Sync="TRUE">City</attrlabl><attalias Sync="TRUE">City</attalias><attrtype Sync="TRUE">String</attrtype><attwidth Sync="TRUE">254</attwidth><atprecis Sync="TRUE">0</atprecis><attscale Sync="TRUE">0</attscale></attr><attr><attrlabl Sync="TRUE">Status</attrlabl><attalias Sync="TRUE">Status</attalias><attrtype Sync="TRUE">String</attrtype><attwidth Sync="TRUE">254</attwidth><atprecis Sync="TRUE">0</atprecis><attscale Sync="TRUE">0</attscale></attr><attr><attrlabl Sync="TRUE">Resolution</attrlabl><attalias Sync="TRUE">Resolution</attalias><attrtype Sync="TRUE">String</attrtype><attwidth Sync="TRUE">254</attwidth><atprecis Sync="TRUE">0</atprecis><attscale Sync="TRUE">0</attscale></attr><attr><attrlabl Sync="TRUE">Resoluti_1</attrlabl><attalias Sync="TRUE">Resoluti_1</attalias><attrtype Sync="TRUE">Date</attrtype><attwidth Sync="TRUE">8</attwidth><atprecis Sync="TRUE">0</atprecis><attscale Sync="TRUE">0</attscale></attr><attr><attrlabl Sync="TRUE">Community_</attrlabl><attalias Sync="TRUE">Community_</attalias><attrtype Sync="TRUE">String</attrtype><attwidth Sync="TRUE">254</attwidth><atprecis Sync="TRUE">0</atprecis><attscale Sync="TRUE">0</attscale></attr><attr><attrlabl Sync="TRUE">BBL</attrlabl><attalias Sync="TRUE">BBL</attalias><attrtype Sync="TRUE">Double</attrtype><attwidth Sync="TRUE">19</attwidth><atprecis Sync="TRUE">0</atprecis><attscale Sync="TRUE">0</attscale></attr><attr><attrlabl Sync="TRUE">Borough</attrlabl><attalias Sync="TRUE">Borough</attalias><attrtype Sync="TRUE">String</attrtype><attwidth Sync="TRUE">254</attwidth><atprecis Sync="TRUE">0</atprecis><attscale Sync="TRUE">0</attscale></attr><attr><attrlabl Sync="TRUE">Open_Data_</attrlabl><attalias Sync="TRUE">Open_Data_</attalias><attrtype Sync="TRUE">String</attrtype><attwidth Sync="TRUE">254</attwidth><atprecis Sync="TRUE">0</atprecis><attscale Sync="TRUE">0</attscale></attr><attr><attrlabl Sync="TRUE">X_Coordina</attrlabl><attalias Sync="TRUE">X_Coordina</attalias><attrtype Sync="TRUE">Integer</attrtype><attwidth Sync="TRUE">10</attwidth><atprecis Sync="TRUE">10</atprecis><attscale Sync="TRUE">0</attscale></attr><attr><attrlabl Sync="TRUE">Y_Coordina</attrlabl><attalias Sync="TRUE">Y_Coordina</attalias><attrtype Sync="TRUE">Integer</attrtype><attwidth Sync="TRUE">10</attwidth><atprecis Sync="TRUE">10</atprecis><attscale Sync="TRUE">0</attscale></attr><attr><attrlabl Sync="TRUE">ORIG_FID</attrlabl><attalias Sync="TRUE">ORIG_FID</attalias><attrtype Sync="TRUE">Integer</attrtype><attwidth Sync="TRUE">10</attwidth><atprecis Sync="TRUE">10</atprecis><attscale Sync="TRUE">0</attscale></attr></detailed></eainfo><mdDateSt Sync="TRUE">20200422</mdDateSt></metadata>
